,Company,Web
0,"1st Choice Delivery, LLC",[<Element a at 0x19c50669ae8>]
1,Member Directory,[]
2,"Action Delivery Inc.   Kansas City, MO",[<Element a at 0x19c50c6ac78>]
3,Via Courier,[<Element a at 0x19c506e46d8>]
4,"Tempo Transportation, LLC",[<Element a at 0x19c50f7ac28>]
5,"Metro Courier, Inc.",[<Element a at 0x19c50f7af48>]
6,Henry Industries Inc.,[<Element a at 0x19c50f7aea8>]
7,"Capital Express, Inc.",[<Element a at 0x19c50f7af98>]
8,"HotShot Deliveries, Inc.",[<Element a at 0x19c50fae048>]
9,Member Directory,[]
10,Member Directory,[]
11,"Blaze Logistics, LLC",[<Element a at 0x19c50fae1d8>]
